  name   |                               queryStatement                               | queryType |        issuedAt         |       finishedAt        | error 
---------+----------------------------------------------------------------------------+-----------+-------------------------+-------------------------+-------
 Theatre | SELECT 'email' FROM "Customer" WHERE "customerId" = '144'                  | SELECT    | 2023-04-01 11:33:45.318 | 2023-04-01 11:33:45.443 | 
 Theatre | SELECT 'email' FROM "Customer" WHERE "customerId" = '417'                  | SELECT    | 2023-04-23 12:10:08.868 | 2023-04-23 12:10:09.16  | 
 Theatre | SELECT 'email' FROM "Customer" WHERE "customerId" = '114'                  | SELECT    | 2023-05-11 14:01:21.212 | 2023-05-11 14:01:21.563 | 
 Theatre | SELECT 'email' FROM "Customer" WHERE "customerId" = '194'                  | SELECT    | 2023-04-20 07:13:57.93  | 2023-04-20 07:13:58.126 | 
 Theatre | SELECT 'email' FROM "Customer" WHERE "customerId" = '751'                  | SELECT    | 2023-04-25 17:46:26.554 | 2023-04-25 17:46:26.906 | 
 Theatre | SELECT 'email' FROM "Customer" WHERE "customerId" = '741'                  | SELECT    | 2023-04-03 21:08:54.97  | 2023-04-03 21:08:55.152 | 
 Theatre | SELECT 'email' FROM "Customer" NATURAL JOIN "Ticket" WHERE "price" = '393' | SELECT    | 2023-05-19 07:44:38.301 | 2023-05-19 07:44:38.561 | 
 Theatre | SELECT 'email' FROM "Customer" WHERE "customerId" = '302'                  | SELECT    | 2023-04-05 22:15:17.513 | 2023-04-05 22:15:17.667 | 
 Theatre | SELECT 'email' FROM "Customer" WHERE "customerId" = '709'                  | SELECT    | 2023-04-25 14:08:57.522 | 2023-04-25 14:08:57.739 | 
 Theatre | SELECT 'email' FROM "Customer" WHERE "customerId" = '114'                  | SELECT    | 2023-05-21 11:06:23.053 | 2023-05-21 11:06:23.515 | 
 Theatre | DELETE FROM Review WHERE reviewId = 2994;                                  | DELETE    | 2023-04-09 03:16:54.588 | 2023-04-09 03:16:54.843 | 
 Theatre | SELECT 'email' FROM "Customer" WHERE "customerId" = '477'                  | SELECT    | 2023-05-27 21:32:23.905 | 2023-05-27 21:32:24.097 | 
 Theatre | SELECT 'email' FROM "Customer" NATURAL JOIN "Ticket" WHERE "price" = '251' | SELECT    | 2023-04-23 08:06:21.958 | 2023-04-23 08:06:22.198 | 
 Theatre | SELECT 'email' FROM "Customer" WHERE "customerId" = '741'                  | SELECT    | 2023-05-23 13:15:41.563 | 2023-05-23 13:15:41.986 | 
 Theatre | SELECT 'email' FROM "Customer" WHERE "customerId" = '380'                  | SELECT    | 2023-05-15 21:50:47.066 | 2023-05-15 21:50:47.313 | 
 Theatre | SELECT 'email' FROM "Customer" NATURAL JOIN "Ticket" WHERE "price" = '335' | SELECT    | 2023-05-02 06:53:46.253 | 2023-05-02 06:53:46.54  | 
 Theatre | DELETE FROM Review WHERE reviewId = 2744;                                  | DELETE    | 2023-05-13 14:34:43.026 | 2023-05-13 14:34:43.42  | 
 Theatre | SELECT 'email' FROM "Customer" WHERE "customerId" = '757'                  | SELECT    | 2023-04-28 01:01:51.094 | 2023-04-28 01:01:51.252 | 
 Theatre | SELECT 'email' FROM "Customer" WHERE "customerId" = '456'                  | SELECT    | 2023-04-22 12:16:19.458 | 2023-04-22 12:16:19.606 | 
 Theatre | SELECT 'email' FROM "Customer" WHERE "customerId" = '243'                  | SELECT    | 2023-05-11 07:25:46.38  | 2023-05-11 07:25:46.587 | 
 Theatre | SELECT 'email' FROM "Customer" WHERE "customerId" = '463'                  | SELECT    | 2023-05-26 17:22:08.465 | 2023-05-26 17:22:08.912 | 
 Theatre | SELECT 'email' FROM "Customer" WHERE "customerId" = '774'                  | SELECT    | 2023-05-11 13:09:59.183 | 2023-05-11 13:09:59.287 | 
 Theatre | SELECT 'email' FROM "Customer" WHERE "customerId" = '439'                  | SELECT    | 2023-04-08 15:24:41.476 | 2023-04-08 15:24:41.899 | 
 Theatre | SELECT 'email' FROM "Customer" WHERE "customerId" = '2'                    | SELECT    | 2023-03-31 22:51:59.405 | 2023-03-31 22:51:59.902 | 
 Theatre | SELECT 'email' FROM "Customer" WHERE "customerId" = '162'                  | SELECT    | 2023-05-30 02:22:42.605 | 2023-05-30 02:22:42.74  | 
 Theatre | SELECT 'email' FROM "Customer" WHERE "customerId" = '535'                  | SELECT    | 2023-04-11 20:48:02.71  | 2023-04-11 20:48:02.852 | 
 Theatre | SELECT 'email' FROM "Customer" WHERE "customerId" = '760'                  | SELECT    | 2023-04-04 11:06:26.291 | 2023-04-04 11:06:26.561 | 
 Theatre | SELECT 'email' FROM "Customer" NATURAL JOIN "Ticket" WHERE "price" = '619' | SELECT    | 2023-05-25 15:33:13.105 | 2023-05-25 15:33:13.464 | 
 Theatre | SELECT 'email' FROM "Customer" WHERE "customerId" = '391'                  | SELECT    | 2023-05-12 00:26:46.416 | 2023-05-12 00:26:46.756 | 
 Theatre | SELECT 'email' FROM "Customer" WHERE "customerId" = '464'                  | SELECT    | 2023-05-06 05:44:35.767 | 2023-05-06 05:44:35.914 | 
 Theatre | SELECT 'email' FROM "Customer" WHERE "customerId" = '629'                  | SELECT    | 2023-05-19 22:46:55.948 | 2023-05-19 22:46:56.073 | 
 Theatre | SELECT 'email' FROM "Customer" WHERE "customerId" = '76'                   | SELECT    | 2023-05-14 06:48:08.445 | 2023-05-14 06:48:08.613 | 
 Theatre | SELECT 'email' FROM "Customer" NATURAL JOIN "Ticket" WHERE "price" = '743' | SELECT    | 2023-04-19 07:19:44.882 | 2023-04-19 07:19:45.175 | 
 Theatre | SELECT 'email' FROM "Customer" NATURAL JOIN "Ticket" WHERE "price" = '174' | SELECT    | 2023-04-30 08:35:37.809 | 2023-04-30 08:35:37.931 | 
 Theatre | SELECT 'email' FROM "Customer" WHERE "customerId" = '250'                  | SELECT    | 2023-05-24 10:32:41.382 | 2023-05-24 10:32:41.501 | 
 Theatre | SELECT 'email' FROM "Customer" WHERE "customerId" = '774'                  | SELECT    | 2023-04-05 10:10:52.724 | 2023-04-05 10:10:53.2   | 
 Theatre | SELECT 'email' FROM "Customer" WHERE "customerId" = '144'                  | SELECT    | 2023-04-23 17:32:32.459 | 2023-04-23 17:32:32.576 | 
 Theatre | SELECT 'email' FROM "Customer" WHERE "customerId" = '66'                   | SELECT    | 2023-04-04 10:26:50.354 | 2023-04-04 10:26:50.837 | 
 Theatre | SELECT 'email' FROM "Customer" WHERE "customerId" = '175'                  | SELECT    | 2023-04-05 14:45:25.865 | 2023-04-05 14:45:26.132 | 
 Theatre | SELECT 'email' FROM "Customer" WHERE "customerId" = '119'                  | SELECT    | 2023-05-28 08:58:06.548 | 2023-05-28 08:58:06.649 | 
 Theatre | SELECT 'email' FROM "Customer" WHERE "customerId" = '49'                   | SELECT    | 2023-05-01 18:42:18.859 | 2023-05-01 18:42:19.247 | 
 Theatre | SELECT 'email' FROM "Customer" WHERE "customerId" = '489'                  | SELECT    | 2023-05-13 22:08:10.403 | 2023-05-13 22:08:10.848 | 
 Theatre | SELECT 'email' FROM "Customer" WHERE "customerId" = '367'                  | SELECT    | 2023-05-10 19:30:58.712 | 2023-05-10 19:30:58.826 | 
 Theatre | SELECT 'email' FROM "Customer" WHERE "customerId" = '317'                  | SELECT    | 2023-05-06 16:56:25.262 | 2023-05-06 16:56:25.671 | 
 Theatre | SELECT 'email' FROM "Customer" WHERE "customerId" = '484'                  | SELECT    | 2023-05-20 06:47:36.527 | 2023-05-20 06:47:36.683 | 
 Theatre | SELECT 'email' FROM "Customer" WHERE "customerId" = '793'                  | SELECT    | 2023-05-22 23:36:53.392 | 2023-05-22 23:36:53.837 | 
 Theatre | SELECT 'email' FROM "Customer" WHERE "customerId" = '626'                  | SELECT    | 2023-05-29 07:37:56.023 | 2023-05-29 07:37:56.506 | 
 Theatre | SELECT 'email' FROM "Customer" WHERE "customerId" = '559'                  | SELECT    | 2023-05-27 18:02:24.335 | 2023-05-27 18:02:24.475 | 
 Theatre | SELECT 'email' FROM "Customer" WHERE "customerId" = '760'                  | SELECT    | 2023-05-22 12:38:05.861 | 2023-05-22 12:38:06.21  | 
 Theatre | SELECT 'email' FROM "Customer" WHERE "customerId" = '74'                   | SELECT    | 2023-05-08 11:03:54.779 | 2023-05-08 11:03:55.112 | 
 Theatre | SELECT 'email' FROM "Customer" WHERE "customerId" = '384'                  | SELECT    | 2023-04-21 19:16:26.285 | 2023-04-21 19:16:26.608 | 
 Theatre | SELECT 'email' FROM "Customer" WHERE "customerId" = '308'                  | SELECT    | 2023-05-14 02:22:06.991 | 2023-05-14 02:22:07.224 | 
 Theatre | SELECT 'email' FROM "Customer" WHERE "customerId" = '688'                  | SELECT    | 2023-04-21 05:50:25.398 | 2023-04-21 05:50:25.791 | 
 Theatre | SELECT 'email' FROM "Customer" WHERE "customerId" = '532'                  | SELECT    | 2023-05-23 12:53:17.132 | 2023-05-23 12:53:17.53  | 
 Theatre | SELECT 'email' FROM "Customer" WHERE "customerId" = '490'                  | SELECT    | 2023-05-11 08:06:44.048 | 2023-05-11 08:06:44.198 | 
 Theatre | SELECT 'email' FROM "Customer" WHERE "customerId" = '333'                  | SELECT    | 2023-05-22 15:34:50.5   | 2023-05-22 15:34:50.634 | 
 Theatre | SELECT 'email' FROM "Customer" WHERE "customerId" = '634'                  | SELECT    | 2023-04-27 04:27:03     | 2023-04-27 04:27:03.275 | 
 Theatre | SELECT 'email' FROM "Customer" NATURAL JOIN "Ticket" WHERE "price" = '229' | SELECT    | 2023-05-16 12:41:44.074 | 2023-05-16 12:41:44.238 | 
 Theatre | SELECT 'email' FROM "Customer" WHERE "customerId" = '630'                  | SELECT    | 2023-05-30 16:32:38.976 | 2023-05-30 16:32:39.094 | 
 Theatre | SELECT 'email' FROM "Customer" NATURAL JOIN "Ticket" WHERE "price" = '243' | SELECT    | 2023-04-04 15:39:17.425 | 2023-04-04 15:39:17.557 | 
 Theatre | SELECT 'email' FROM "Customer" NATURAL JOIN "Ticket" WHERE "price" = '24'  | SELECT    | 2023-04-15 01:33:18.676 | 2023-04-15 01:33:18.858 | 
 Theatre | SELECT 'email' FROM "Customer" WHERE "customerId" = '487'                  | SELECT    | 2023-04-15 11:37:27.005 | 2023-04-15 11:37:27.377 | 
 Theatre | SELECT 'email' FROM "Customer" WHERE "customerId" = '31'                   | SELECT    | 2023-04-12 06:32:47.286 | 2023-04-12 06:32:47.553 | 
 Theatre | SELECT 'email' FROM "Customer" WHERE "customerId" = '644'                  | SELECT    | 2023-04-25 23:51:55.562 | 2023-04-25 23:51:55.758 | 
 Theatre | SELECT 'email' FROM "Customer" WHERE "customerId" = '569'                  | SELECT    | 2023-04-22 20:23:28.301 | 2023-04-22 20:23:28.442 | 
 Theatre | SELECT 'email' FROM "Customer" WHERE "customerId" = '388'                  | SELECT    | 2023-05-28 09:01:29.228 | 2023-05-28 09:01:29.707 | 
 Theatre | SELECT 'email' FROM "Customer" WHERE "customerId" = '10'                   | SELECT    | 2023-05-21 22:42:46.288 | 2023-05-21 22:42:46.604 | 
 Theatre | SELECT 'email' FROM "Customer" NATURAL JOIN "Ticket" WHERE "price" = '633' | SELECT    | 2023-05-01 09:30:23.332 | 2023-05-01 09:30:23.505 | 
 Theatre | SELECT 'email' FROM "Customer" WHERE "customerId" = '417'                  | SELECT    | 2023-05-09 22:23:17.941 | 2023-05-09 22:23:18.208 | 
 Theatre | SELECT 'email' FROM "Customer" WHERE "customerId" = '300'                  | SELECT    | 2023-05-05 00:55:41.467 | 2023-05-05 00:55:41.649 | 
 Theatre | SELECT 'email' FROM "Customer" WHERE "customerId" = '268'                  | SELECT    | 2023-04-11 10:20:54.351 | 2023-04-11 10:20:54.714 | 
 Theatre | SELECT 'email' FROM "Customer" WHERE "customerId" = '186'                  | SELECT    | 2023-05-28 12:48:11.367 | 2023-05-28 12:48:11.632 | 
 Theatre | SELECT 'email' FROM "Customer" NATURAL JOIN "Ticket" WHERE "price" = '567' | SELECT    | 2023-04-20 21:33:35.338 | 2023-04-20 21:33:35.831 | 
 Theatre | SELECT 'email' FROM "Customer" WHERE "customerId" = '86'                   | SELECT    | 2023-05-29 15:49:23.872 | 2023-05-29 15:49:24.331 | 
 Theatre | SELECT 'email' FROM "Customer" NATURAL JOIN "Ticket" WHERE "price" = '555' | SELECT    | 2023-04-16 04:11:31.685 | 2023-04-16 04:11:31.797 | 
 Theatre | SELECT 'email' FROM "Customer" WHERE "customerId" = '137'                  | SELECT    | 2023-05-05 11:56:19.776 | 2023-05-05 11:56:19.919 | 
 Theatre | SELECT 'email' FROM "Customer" WHERE "customerId" = '315'                  | SELECT    | 2023-04-30 13:39:32.387 | 2023-04-30 13:39:32.731 | 
 Theatre | SELECT 'email' FROM "Customer" WHERE "customerId" = '378'                  | SELECT    | 2023-04-27 15:37:56.396 | 2023-04-27 15:37:56.732 | 
 Theatre | SELECT 'email' FROM "Customer" WHERE "customerId" = '357'                  | SELECT    | 2023-04-28 09:07:19.302 | 2023-04-28 09:07:19.438 | 
 Theatre | SELECT 'email' FROM "Customer" WHERE "customerId" = '317'                  | SELECT    | 2023-05-06 16:07:50.636 | 2023-05-06 16:07:50.828 | 
 Theatre | SELECT 'email' FROM "Customer" NATURAL JOIN "Ticket" WHERE "price" = '81'  | SELECT    | 2023-04-20 04:30:26.036 | 2023-04-20 04:30:26.245 | 
 Theatre | SELECT 'email' FROM "Customer" WHERE "customerId" = '612'                  | SELECT    | 2023-04-24 02:30:06.096 | 2023-04-24 02:30:06.246 | 
 Theatre | SELECT 'email' FROM "Customer" WHERE "customerId" = '145'                  | SELECT    | 2023-04-16 14:37:41.279 | 2023-04-16 14:37:41.468 | 
 Theatre | SELECT 'email' FROM "Customer" WHERE "customerId" = '710'                  | SELECT    | 2023-05-13 19:27:58.968 | 2023-05-13 19:27:59.094 | 
 Theatre | SELECT 'email' FROM "Customer" WHERE "customerId" = '458'                  | SELECT    | 2023-04-05 17:46:39.038 | 2023-04-05 17:46:39.498 | 
 Theatre | SELECT 'email' FROM "Customer" NATURAL JOIN "Ticket" WHERE "price" = '160' | SELECT    | 2023-05-08 12:15:06.615 | 2023-05-08 12:15:07.112 | 
 Theatre | SELECT 'email' FROM "Customer" WHERE "customerId" = '237'                  | SELECT    | 2023-05-18 12:49:07.641 | 2023-05-18 12:49:07.92  | 
 Theatre | SELECT 'email' FROM "Customer" WHERE "customerId" = '737'                  | SELECT    | 2023-05-15 12:01:36.582 | 2023-05-15 12:01:36.877 | 
 Theatre | SELECT 'email' FROM "Customer" WHERE "customerId" = '274'                  | SELECT    | 2023-05-30 12:26:52.9   | 2023-05-30 12:26:53.385 | 
 Theatre | SELECT 'email' FROM "Customer" NATURAL JOIN "Ticket" WHERE "price" = '243' | SELECT    | 2023-04-29 23:27:08.412 | 2023-04-29 23:27:08.682 | 
 Theatre | DELETE FROM Show WHERE showId = 4431;                                      | DELETE    | 2023-05-07 07:54:22.772 | 2023-05-07 07:54:23.069 | 
 Theatre | SELECT 'email' FROM "Customer" WHERE "customerId" = '136'                  | SELECT    | 2023-04-01 17:55:46.421 | 2023-04-01 17:55:46.761 | 
 Theatre | DELETE FROM Show WHERE showId = 3165;                                      | DELETE    | 2023-04-14 23:06:13.686 | 2023-04-14 23:06:14.023 | 
 Theatre | SELECT 'email' FROM "Customer" NATURAL JOIN "Ticket" WHERE "price" = '251' | SELECT    | 2023-05-20 08:22:09.895 | 2023-05-20 08:22:10.039 | 
 Theatre | SELECT 'email' FROM "Customer" WHERE "customerId" = '507'                  | SELECT    | 2023-04-01 20:10:32.699 | 2023-04-01 20:10:32.823 | 
 Theatre | SELECT 'email' FROM "Customer" WHERE "customerId" = '56'                   | SELECT    | 2023-04-11 17:36:34.173 | 2023-04-11 17:36:34.632 | 
 Theatre | SELECT 'email' FROM "Customer" WHERE "customerId" = '494'                  | SELECT    | 2023-04-06 03:42:21.531 | 2023-04-06 03:42:21.733 | 
 Theatre | SELECT 'email' FROM "Customer" WHERE "customerId" = '235'                  | SELECT    | 2023-05-17 04:29:08.251 | 2023-05-17 04:29:08.4   | 
 Theatre | SELECT 'email' FROM "Customer" NATURAL JOIN "Ticket" WHERE "price" = '685' | SELECT    | 2023-04-05 11:07:12.414 | 2023-04-05 11:07:12.669 | 
 Theatre | SELECT 'email' FROM "Customer" WHERE "customerId" = '194'                  | SELECT    | 2023-05-22 18:44:21.341 | 2023-05-22 18:44:21.543 | 
 Theatre | SELECT 'email' FROM "Customer" WHERE "customerId" = '274'                  | SELECT    | 2023-04-04 21:53:33.177 | 2023-04-04 21:53:33.46  | 
 Theatre | SELECT 'email' FROM "Customer" NATURAL JOIN "Ticket" WHERE "price" = '393' | SELECT    | 2023-05-16 10:30:33.949 | 2023-05-16 10:30:34.296 | 
 Theatre | SELECT 'email' FROM "Customer" WHERE "customerId" = '540'                  | SELECT    | 2023-04-05 14:15:49.061 | 2023-04-05 14:15:49.547 | 
 Theatre | SELECT 'email' FROM "Customer" NATURAL JOIN "Ticket" WHERE "price" = '532' | SELECT    | 2023-04-14 12:57:21.456 | 2023-04-14 12:57:21.846 | 
 Theatre | SELECT 'email' FROM "Customer" WHERE "customerId" = '489'                  | SELECT    | 2023-04-14 21:20:17.164 | 2023-04-14 21:20:17.288 | 
 Theatre | SELECT 'email' FROM "Customer" WHERE "customerId" = '565'                  | SELECT    | 2023-05-14 11:14:54.814 | 2023-05-14 11:14:54.917 | 
 Theatre | SELECT 'email' FROM "Customer" WHERE "customerId" = '327'                  | SELECT    | 2023-05-18 07:55:46.587 | 2023-05-18 07:55:46.745 | 
 Theatre | SELECT 'email' FROM "Customer" WHERE "customerId" = '240'                  | SELECT    | 2023-05-19 04:37:35.3   | 2023-05-19 04:37:35.598 | 
 Theatre | SELECT 'email' FROM "Customer" WHERE "customerId" = '546'                  | SELECT    | 2023-04-04 02:56:05.236 | 2023-04-04 02:56:05.549 | 
 Theatre | SELECT 'email' FROM "Customer" NATURAL JOIN "Ticket" WHERE "price" = '614' | SELECT    | 2023-05-05 19:01:45.175 | 2023-05-05 19:01:45.357 | 
 Theatre | SELECT 'email' FROM "Customer" NATURAL JOIN "Ticket" WHERE "price" = '450' | SELECT    | 2023-04-28 18:11:00.483 | 2023-04-28 18:11:00.955 | 
 Theatre | SELECT 'email' FROM "Customer" NATURAL JOIN "Ticket" WHERE "price" = '733' | SELECT    | 2023-04-28 13:04:15.404 | 2023-04-28 13:04:15.598 | 
 Theatre | DELETE FROM Show WHERE showId = 2317;                                      | DELETE    | 2023-05-06 21:19:45.299 | 2023-05-06 21:19:45.757 | 
 Theatre | DELETE FROM Show WHERE showId = 7055;                                      | DELETE    | 2023-04-27 09:47:05.652 | 2023-04-27 09:47:05.915 | 
 Theatre | SELECT 'email' FROM "Customer" WHERE "customerId" = '630'                  | SELECT    | 2023-05-19 13:48:20.364 | 2023-05-19 13:48:20.694 | 
 Theatre | SELECT 'email' FROM "Customer" WHERE "customerId" = '367'                  | SELECT    | 2023-04-10 18:55:54     | 2023-04-10 18:55:54.438 | 
 Theatre | SELECT 'email' FROM "Customer" WHERE "customerId" = '464'                  | SELECT    | 2023-04-06 13:43:45.071 | 2023-04-06 13:43:45.171 | 
 Theatre | SELECT 'email' FROM "Customer" WHERE "customerId" = '546'                  | SELECT    | 2023-04-08 14:26:10.01  | 2023-04-08 14:26:10.241 | 
 Theatre | SELECT 'email' FROM "Customer" WHERE "customerId" = '395'                  | SELECT    | 2023-05-15 01:40:31.458 | 2023-05-15 01:40:31.578 | 
 Theatre | DELETE FROM Review WHERE reviewId = 2994;                                  | DELETE    | 2023-04-11 23:07:21.455 | 2023-04-11 23:07:21.775 | 
 Theatre | SELECT 'email' FROM "Customer" WHERE "customerId" = '707'                  | SELECT    | 2023-04-24 06:44:21.587 | 2023-04-24 06:44:21.847 | 
 Theatre | SELECT 'email' FROM "Customer" WHERE "customerId" = '427'                  | SELECT    | 2023-04-06 08:16:35.407 | 2023-04-06 08:16:35.707 | 
 Theatre | SELECT 'email' FROM "Customer" WHERE "customerId" = '223'                  | SELECT    | 2023-05-17 05:37:30.691 | 2023-05-17 05:37:30.931 | 
 Theatre | SELECT 'email' FROM "Customer" WHERE "customerId" = '565'                  | SELECT    | 2023-04-03 13:03:15.388 | 2023-04-03 13:03:15.646 | 
 Theatre | SELECT 'email' FROM "Customer" WHERE "customerId" = '583'                  | SELECT    | 2023-05-01 08:43:36.697 | 2023-05-01 08:43:37.036 | 
 Theatre | SELECT 'email' FROM "Customer" WHERE "customerId" = '525'                  | SELECT    | 2023-05-11 04:12:32.612 | 2023-05-11 04:12:32.927 | 
 Theatre | SELECT 'email' FROM "Customer" WHERE "customerId" = '235'                  | SELECT    | 2023-05-21 12:05:10.96  | 2023-05-21 12:05:11.176 | 
 Theatre | SELECT 'email' FROM "Customer" WHERE "customerId" = '315'                  | SELECT    | 2023-04-26 09:47:27.463 | 2023-04-26 09:47:27.79  | 
 Theatre | DELETE FROM Review WHERE reviewId = 4287;                                  | DELETE    | 2023-04-25 12:49:51.543 | 2023-04-25 12:49:51.744 | 
 Theatre | SELECT 'email' FROM "Customer" WHERE "customerId" = '90'                   | SELECT    | 2023-04-13 12:41:55.821 | 2023-04-13 12:41:56.213 | 
 Theatre | SELECT 'email' FROM "Customer" WHERE "customerId" = '240'                  | SELECT    | 2023-05-19 03:26:16.309 | 2023-05-19 03:26:16.471 | 
 Theatre | SELECT 'email' FROM "Customer" NATURAL JOIN "Ticket" WHERE "price" = '335' | SELECT    | 2023-04-10 21:57:16.94  | 2023-04-10 21:57:17.385 | 
 Theatre | SELECT 'email' FROM "Customer" WHERE "customerId" = '697'                  | SELECT    | 2023-05-03 15:13:54.955 | 2023-05-03 15:13:55.293 | 
 Theatre | SELECT 'email' FROM "Customer" NATURAL JOIN "Ticket" WHERE "price" = '503' | SELECT    | 2023-05-18 17:15:06.617 | 2023-05-18 17:15:07.045 | 
 Theatre | SELECT 'email' FROM "Customer" WHERE "customerId" = '384'                  | SELECT    | 2023-05-17 01:48:09.041 | 2023-05-17 01:48:09.217 | 
 Theatre | SELECT 'email' FROM "Customer" NATURAL JOIN "Ticket" WHERE "price" = '532' | SELECT    | 2023-04-16 09:50:42.991 | 2023-04-16 09:50:43.246 | 
 Theatre | SELECT 'email' FROM "Customer" WHERE "customerId" = '734'                  | SELECT    | 2023-05-10 13:18:27.321 | 2023-05-10 13:18:27.599 | 
 Theatre | SELECT 'email' FROM "Customer" WHERE "customerId" = '201'                  | SELECT    | 2023-04-06 13:08:02.324 | 2023-04-06 13:08:02.738 | 
 Theatre | SELECT 'email' FROM "Customer" WHERE "customerId" = '211'                  | SELECT    | 2023-05-12 04:05:23.556 | 2023-05-12 04:05:23.915 | 
 Theatre | SELECT 'email' FROM "Customer" WHERE "customerId" = '546'                  | SELECT    | 2023-04-27 22:06:51.488 | 2023-04-27 22:06:51.759 | 
 Theatre | SELECT 'email' FROM "Customer" WHERE "customerId" = '626'                  | SELECT    | 2023-04-13 22:08:26.094 | 2023-04-13 22:08:26.26  | 
 Theatre | DELETE FROM Show WHERE showId = 8886;                                      | DELETE    | 2023-05-13 07:21:47.493 | 2023-05-13 07:21:47.641 | 
 Theatre | SELECT 'email' FROM "Customer" WHERE "customerId" = '484'                  | SELECT    | 2023-05-24 21:18:42.916 | 2023-05-24 21:18:43.052 | 
 Theatre | SELECT 'email' FROM "Customer" WHERE "customerId" = '369'                  | SELECT    | 2023-05-14 23:03:54.572 | 2023-05-14 23:03:55.027 | 
 Theatre | SELECT 'email' FROM "Customer" WHERE "customerId" = '513'                  | SELECT    | 2023-05-15 08:06:54.359 | 2023-05-15 08:06:54.609 | 
 Theatre | SELECT 'email' FROM "Customer" WHERE "customerId" = '392'                  | SELECT    | 2023-05-04 02:59:01.888 | 2023-05-04 02:59:02.036 | 
 Theatre | DELETE FROM Review WHERE reviewId = 4057;                                  | DELETE    | 2023-05-03 03:33:53.427 | 2023-05-03 03:33:53.9   | 
 Theatre | SELECT 'email' FROM "Customer" WHERE "customerId" = '790'                  | SELECT    | 2023-05-10 13:04:48.441 | 2023-05-10 13:04:48.781 | 
 Theatre | SELECT 'email' FROM "Customer" WHERE "customerId" = '707'                  | SELECT    | 2023-05-22 04:26:13.059 | 2023-05-22 04:26:13.364 | 
 Theatre | SELECT 'email' FROM "Customer" WHERE "customerId" = '587'                  | SELECT    | 2023-04-02 03:12:00.864 | 2023-04-02 03:12:01.316 | 
 Theatre | SELECT 'email' FROM "Customer" WHERE "customerId" = '427'                  | SELECT    | 2023-05-06 07:22:26.415 | 2023-05-06 07:22:26.741 | 
 Theatre | DELETE FROM Show WHERE showId = 143;                                       | DELETE    | 2023-04-14 14:38:34.122 | 2023-04-14 14:38:34.318 | 
 Theatre | SELECT 'email' FROM "Customer" WHERE "customerId" = '308'                  | SELECT    | 2023-05-01 16:17:50.41  | 2023-05-01 16:17:50.703 | 
 Theatre | SELECT 'email' FROM "Customer" WHERE "customerId" = '729'                  | SELECT    | 2023-04-15 20:13:42.832 | 2023-04-15 20:13:43.187 | 
 Theatre | SELECT 'email' FROM "Customer" WHERE "customerId" = '513'                  | SELECT    | 2023-05-09 02:46:48.738 | 2023-05-09 02:46:49.213 | 
 Theatre | SELECT 'email' FROM "Customer" WHERE "customerId" = '529'                  | SELECT    | 2023-05-16 09:30:38.682 | 2023-05-16 09:30:38.954 | 
 Theatre | SELECT 'email' FROM "Customer" WHERE "customerId" = '535'                  | SELECT    | 2023-04-17 10:59:56.578 | 2023-04-17 10:59:56.982 | 
 Theatre | SELECT 'email' FROM "Customer" NATURAL JOIN "Ticket" WHERE "price" = '174' | SELECT    | 2023-04-25 23:00:29.767 | 2023-04-25 23:00:30.118 | 
 Theatre | SELECT 'email' FROM "Customer" WHERE "customerId" = '417'                  | SELECT    | 2023-05-24 20:30:22.462 | 2023-05-24 20:30:22.718 | 
 Theatre | SELECT 'email' FROM "Customer" WHERE "customerId" = '391'                  | SELECT    | 2023-04-06 09:07:17.754 | 2023-04-06 09:07:18.164 | 
 Theatre | SELECT 'email' FROM "Customer" NATURAL JOIN "Ticket" WHERE "price" = '518' | SELECT    | 2023-04-20 19:40:53.061 | 2023-04-20 19:40:53.4   | 
 Theatre | SELECT 'email' FROM "Customer" WHERE "customerId" = '463'                  | SELECT    | 2023-05-19 07:42:40.596 | 2023-05-19 07:42:40.914 | 
 Theatre | SELECT 'email' FROM "Customer" WHERE "customerId" = '653'                  | SELECT    | 2023-04-22 18:58:18.665 | 2023-04-22 18:58:18.899 | 
 Theatre | SELECT 'email' FROM "Customer" WHERE "customerId" = '187'                  | SELECT    | 2023-05-17 21:54:20.574 | 2023-05-17 21:54:20.815 | 
 Theatre | SELECT 'email' FROM "Customer" WHERE "customerId" = '453'                  | SELECT    | 2023-04-13 06:08:43.378 | 2023-04-13 06:08:43.497 | 
 Theatre | SELECT 'email' FROM "Customer" WHERE "customerId" = '520'                  | SELECT    | 2023-04-20 06:54:35.807 | 2023-04-20 06:54:36.283 | 
 Theatre | DELETE FROM Show WHERE showId = 4431;                                      | DELETE    | 2023-04-16 23:52:04.642 | 2023-04-16 23:52:04.883 | 
 Theatre | SELECT 'email' FROM "Customer" WHERE "customerId" = '388'                  | SELECT    | 2023-04-13 10:20:48.317 | 2023-04-13 10:20:48.61  | 
 Theatre | DELETE FROM Review WHERE reviewId = 803;                                   | DELETE    | 2023-04-27 12:27:39.064 | 2023-04-27 12:27:39.555 | 
 Theatre | SELECT 'email' FROM "Customer" WHERE "customerId" = '605'                  | SELECT    | 2023-04-13 12:50:19.836 | 2023-04-13 12:50:20.008 | 
 Theatre | SELECT 'email' FROM "Customer" NATURAL JOIN "Ticket" WHERE "price" = '81'  | SELECT    | 2023-04-27 14:16:06.445 | 2023-04-27 14:16:06.801 | 
 Theatre | SELECT 'email' FROM "Customer" WHERE "customerId" = '10'                   | SELECT    | 2023-04-16 20:51:52.324 | 2023-04-16 20:51:52.624 | 
 Theatre | SELECT 'email' FROM "Customer" WHERE "customerId" = '305'                  | SELECT    | 2023-04-21 00:50:13.481 | 2023-04-21 00:50:13.612 | 
 Theatre | SELECT 'email' FROM "Customer" WHERE "customerId" = '223'                  | SELECT    | 2023-05-16 23:09:02.823 | 2023-05-16 23:09:03.033 | 
 Theatre | SELECT 'email' FROM "Customer" WHERE "customerId" = '387'                  | SELECT    | 2023-04-23 02:02:54.11  | 2023-04-23 02:02:54.45  | 
 Theatre | SELECT 'email' FROM "Customer" WHERE "customerId" = '250'                  | SELECT    | 2023-04-25 16:41:30.058 | 2023-04-25 16:41:30.159 | 
 Theatre | SELECT 'email' FROM "Customer" WHERE "customerId" = '605'                  | SELECT    | 2023-04-20 19:24:29.729 | 2023-04-20 19:24:30.155 | 
 Theatre | SELECT 'email' FROM "Customer" WHERE "customerId" = '201'                  | SELECT    | 2023-04-25 14:59:03.588 | 2023-04-25 14:59:03.981 | 
 Theatre | SELECT 'email' FROM "Customer" WHERE "customerId" = '520'                  | SELECT    | 2023-04-05 02:33:37.217 | 2023-04-05 02:33:37.502 | 
 Theatre | SELECT 'email' FROM "Customer" WHERE "customerId" = '653'                  | SELECT    | 2023-05-28 21:42:42.075 | 2023-05-28 21:42:42.419 | 
 Theatre | SELECT 'email' FROM "Customer" WHERE "customerId" = '333'                  | SELECT    | 2023-04-01 16:33:14.04  | 2023-04-01 16:33:14.207 | 
 Theatre | DELETE FROM Show WHERE showId = 7055;                                      | DELETE    | 2023-04-11 22:49:14.61  | 2023-04-11 22:49:14.979 | 
 Theatre | DELETE FROM Show WHERE showId = 5644;                                      | DELETE    | 2023-04-24 15:36:57.099 | 2023-04-24 15:36:57.537 | 
 Theatre | SELECT 'email' FROM "Customer" WHERE "customerId" = '56'                   | SELECT    | 2023-05-07 22:22:57.874 | 2023-05-07 22:22:57.997 | 
 Theatre | SELECT 'email' FROM "Customer" WHERE "customerId" = '388'                  | SELECT    | 2023-05-29 00:41:36.043 | 2023-05-29 00:41:36.293 | 
 Theatre | SELECT 'email' FROM "Customer" NATURAL JOIN "Ticket" WHERE "price" = '555' | SELECT    | 2023-04-08 17:18:19.727 | 2023-04-08 17:18:19.891 | 
 Theatre | SELECT 'email' FROM "Customer" WHERE "customerId" = '175'                  | SELECT    | 2023-04-12 16:14:20.751 | 2023-04-12 16:14:21.204 | 
 Theatre | SELECT 'email' FROM "Customer" WHERE "customerId" = '72'                   | SELECT    | 2023-04-22 09:23:19.085 | 2023-04-22 09:23:19.344 | 
 Theatre | DELETE FROM Show WHERE showId = 8887;                                      | DELETE    | 2023-04-08 03:31:15.109 | 2023-04-08 03:31:15.482 | 
 Theatre | SELECT 'email' FROM "Customer" NATURAL JOIN "Ticket" WHERE "price" = '159' | SELECT    | 2023-04-14 05:45:54.28  | 2023-04-14 05:45:54.429 | 
 Theatre | SELECT 'email' FROM "Customer" WHERE "customerId" = '487'                  | SELECT    | 2023-05-30 13:49:42.355 | 2023-05-30 13:49:42.49  | 
 Theatre | SELECT 'email' FROM "Customer" NATURAL JOIN "Ticket" WHERE "price" = '401' | SELECT    | 2023-05-12 11:46:19.387 | 2023-05-12 11:46:19.639 | 
 Theatre | SELECT 'email' FROM "Customer" WHERE "customerId" = '688'                  | SELECT    | 2023-04-18 09:34:35.268 | 2023-04-18 09:34:35.58  | 
 Theatre | DELETE FROM Review WHERE reviewId = 4287;                                  | DELETE    | 2023-05-03 03:02:43.674 | 2023-05-03 03:02:43.992 | 
 Theatre | SELECT 'email' FROM "Customer" WHERE "customerId" = '66'                   | SELECT    | 2023-05-22 10:26:36.257 | 2023-05-22 10:26:36.672 | 
 Theatre | SELECT 'email' FROM "Customer" NATURAL JOIN "Ticket" WHERE "price" = '633' | SELECT    | 2023-04-03 21:04:05.678 | 2023-04-03 21:04:05.799 | 
 Theatre | SELECT 'email' FROM "Customer" WHERE "customerId" = '774'                  | SELECT    | 2023-05-07 13:50:07.768 | 2023-05-07 13:50:08.25  | 
 Theatre | SELECT 'email' FROM "Customer" WHERE "customerId" = '707'                  | SELECT    | 2023-04-18 02:54:28.321 | 2023-04-18 02:54:28.821 | 
 Theatre | SELECT 'email' FROM "Customer" WHERE "customerId" = '326'                  | SELECT    | 2023-04-27 11:19:17.043 | 2023-04-27 11:19:17.325 | 
 Theatre | SELECT 'email' FROM "Customer" WHERE "customerId" = '456'                  | SELECT    | 2023-05-16 01:04:33.806 | 2023-05-16 01:04:34.191 | 
 Theatre | SELECT 'email' FROM "Customer" WHERE "customerId" = '187'                  | SELECT    | 2023-05-14 09:17:52.867 | 2023-05-14 09:17:53.306 | 
 Theatre | SELECT 'email' FROM "Customer" WHERE "customerId" = '126'                  | SELECT    | 2023-05-06 03:52:25.652 | 2023-05-06 03:52:26.033 | 
 Theatre | SELECT 'email' FROM "Customer" NATURAL JOIN "Ticket" WHERE "price" = '166' | SELECT    | 2023-05-30 16:05:22.464 | 2023-05-30 16:05:22.886 | 
 Theatre | SELECT 'email' FROM "Customer" WHERE "customerId" = '734'                  | SELECT    | 2023-05-14 10:40:13.911 | 2023-05-14 10:40:14.081 | 
 Theatre | SELECT 'email' FROM "Customer" WHERE "customerId" = '703'                  | SELECT    | 2023-05-03 09:13:05.112 | 2023-05-03 09:13:05.335 | 
 Theatre | DELETE FROM Show WHERE showId = 143;                                       | DELETE    | 2023-05-19 02:53:27.174 | 2023-05-19 02:53:27.435 | 
 Theatre | SELECT 'email' FROM "Customer" WHERE "customerId" = '244'                  | SELECT    | 2023-04-04 14:04:53.735 | 2023-04-04 14:04:53.929 | 
 Theatre | SELECT 'email' FROM "Customer" NATURAL JOIN "Ticket" WHERE "price" = '567' | SELECT    | 2023-04-20 15:14:19.998 | 2023-04-20 15:14:20.162 | 
 Theatre | SELECT 'email' FROM "Customer" WHERE "customerId" = '533'                  | SELECT    | 2023-04-15 23:26:56.406 | 2023-04-15 23:26:56.826 | 
 Theatre | SELECT 'email' FROM "Customer" WHERE "customerId" = '327'                  | SELECT    | 2023-05-26 22:49:57.291 | 2023-05-26 22:49:57.525 | 
 Theatre | SELECT 'email' FROM "Customer" WHERE "customerId" = '629'                  | SELECT    | 2023-04-15 12:23:15.073 | 2023-04-15 12:23:15.379 | 
 Theatre | SELECT 'email' FROM "Customer" WHERE "customerId" = '357'                  | SELECT    | 2023-04-13 03:22:23.795 | 2023-04-13 03:22:24.224 | 
 Theatre | SELECT 'email' FROM "Customer" WHERE "customerId" = '737'                  | SELECT    | 2023-04-23 09:58:20.822 | 2023-04-23 09:58:20.935 | 
 Theatre | SELECT 'email' FROM "Customer" NATURAL JOIN "Ticket" WHERE "price" = '159' | SELECT    | 2023-05-06 10:36:09.567 | 2023-05-06 10:36:09.803 | 
 Theatre | SELECT 'email' FROM "Customer" NATURAL JOIN "Ticket" WHERE "price" = '83'  | SELECT    | 2023-05-12 00:06:23.354 | 2023-05-12 00:06:23.556 | 
 Theatre | SELECT 'email' FROM "Customer" WHERE "customerId" = '47'                   | SELECT    | 2023-05-12 05:40:19.901 | 2023-05-12 05:40:20.099 | 
 Theatre | SELECT 'email' FROM "Customer" WHERE "customerId" = '184'                  | SELECT    | 2023-04-29 12:19:09.858 | 2023-04-29 12:19:09.982 | 
 Theatre | SELECT 'email' FROM "Customer" WHERE "customerId" = '145'                  | SELECT    | 2023-04-02 12:08:36.511 | 2023-04-02 12:08:36.618 | 
 Theatre | SELECT 'email' FROM "Customer" WHERE "customerId" = '525'                  | SELECT    | 2023-04-22 15:54:17.13  | 2023-04-22 15:54:17.437 | 
 Theatre | SELECT 'email' FROM "Customer" NATURAL JOIN "Ticket" WHERE "price" = '103' | SELECT    | 2023-05-08 20:47:49.213 | 2023-05-08 20:47:49.565 | 
 Theatre | SELECT 'email' FROM "Customer" NATURAL JOIN "Ticket" WHERE "price" = '30'  | SELECT    | 2023-04-01 13:10:01.261 | 2023-04-01 13:10:01.494 | 
 Theatre | SELECT 'email' FROM "Customer" WHERE "customerId" = '86'                   | SELECT    | 2023-04-27 22:29:11.274 | 2023-04-27 22:29:11.739 | 
 Theatre | DELETE FROM Show WHERE showId = 2317;                                      | DELETE    | 2023-05-20 00:23:29.476 | 2023-05-20 00:23:29.705 | 
 Theatre | SELECT 'email' FROM "Customer" WHERE "customerId" = '533'                  | SELECT    | 2023-04-23 13:40:20.278 | 2023-04-23 13:40:20.404 | 
 Theatre | DELETE FROM Show WHERE showId = 877;                                       | DELETE    | 2023-04-14 18:06:17.536 | 2023-04-14 18:06:17.917 | 
 Theatre | SELECT 'email' FROM "Customer" NATURAL JOIN "Ticket" WHERE "price" = '450' | SELECT    | 2023-05-30 12:43:34.554 | 2023-05-30 12:43:34.851 | 
 Theatre | SELECT 'email' FROM "Customer" WHERE "customerId" = '764'                  | SELECT    | 2023-05-28 12:45:05.369 | 2023-05-28 12:45:05.499 | 
 Theatre | SELECT 'email' FROM "Customer" WHERE "customerId" = '559'                  | SELECT    | 2023-05-18 09:55:11.395 | 2023-05-18 09:55:11.764 | 
 Theatre | SELECT 'email' FROM "Customer" WHERE "customerId" = '90'                   | SELECT    | 2023-04-01 10:43:32.34  | 2023-04-01 10:43:32.787 | 
 Theatre | SELECT 'email' FROM "Customer" WHERE "customerId" = '764'                  | SELECT    | 2023-04-22 01:19:01.577 | 2023-04-22 01:19:02.059 | 
 Theatre | SELECT 'email' FROM "Customer" WHERE "customerId" = '162'                  | SELECT    | 2023-04-12 12:07:06.371 | 2023-04-12 12:07:06.488 | 
 Theatre | DELETE FROM Review WHERE reviewId = 803;                                   | DELETE    | 2023-04-12 03:37:43.734 | 2023-04-12 03:37:43.903 | 
 Theatre | SELECT 'email' FROM "Customer" WHERE "customerId" = '634'                  | SELECT    | 2023-04-17 13:37:55.699 | 2023-04-17 13:37:55.978 | 
 Theatre | SELECT 'email' FROM "Customer" NATURAL JOIN "Ticket" WHERE "price" = '733' | SELECT    | 2023-04-17 08:31:24.136 | 2023-04-17 08:31:24.368 | 
 Theatre | SELECT 'email' FROM "Customer" WHERE "customerId" = '302'                  | SELECT    | 2023-05-19 20:23:10.153 | 2023-05-19 20:23:10.492 | 
 Theatre | SELECT 'email' FROM "Customer" NATURAL JOIN "Ticket" WHERE "price" = '135' | SELECT    | 2023-05-11 15:19:51.855 | 2023-05-11 15:19:52.342 | 
 Theatre | SELECT 'email' FROM "Customer" WHERE "customerId" = '628'                  | SELECT    | 2023-04-27 16:10:22.222 | 2023-04-27 16:10:22.426 | 
 Theatre | SELECT 'email' FROM "Customer" WHERE "customerId" = '358'                  | SELECT    | 2023-05-26 19:00:10.563 | 2023-05-26 19:00:10.686 | 
 Theatre | SELECT 'email' FROM "Customer" WHERE "customerId" = '209'                  | SELECT    | 2023-04-26 04:48:03.212 | 2023-04-26 04:48:03.376 | 
 Theatre | SELECT 'email' FROM "Customer" WHERE "customerId" = '703'                  | SELECT    | 2023-05-21 18:34:25.232 | 2023-05-21 18:34:25.539 | 
 Theatre | SELECT 'email' FROM "Customer" WHERE "customerId" = '119'                  | SELECT    | 2023-05-11 02:22:08.914 | 2023-05-11 02:22:09.02  | 
 Theatre | DELETE FROM Show WHERE showId = 5666;                                      | DELETE    | 2023-05-07 09:05:11.378 | 2023-05-07 09:05:11.806 | 
 Theatre | SELECT 'email' FROM "Customer" WHERE "customerId" = '378'                  | SELECT    | 2023-04-25 08:02:33.793 | 2023-04-25 08:02:34.091 | 
 Theatre | SELECT 'email' FROM "Customer" WHERE "customerId" = '463'                  | SELECT    | 2023-04-04 08:24:16.949 | 2023-04-04 08:24:17.4   | 
 Theatre | SELECT 'email' FROM "Customer" NATURAL JOIN "Ticket" WHERE "price" = '400' | SELECT    | 2023-05-14 04:43:45.849 | 2023-05-14 04:43:46.304 | 
 Theatre | SELECT 'email' FROM "Customer" WHERE "customerId" = '729'                  | SELECT    | 2023-05-10 23:17:26.122 | 2023-05-10 23:17:26.56  | 
 Theatre | DELETE FROM Show WHERE showId = 8886;                                      | DELETE    | 2023-05-27 06:14:23.486 | 2023-05-27 06:14:23.635 | 
 Theatre | SELECT 'email' FROM "Customer" NATURAL JOIN "Ticket" WHERE "price" = '229' | SELECT    | 2023-04-18 21:42:39.299 | 2023-04-18 21:42:39.634 | 
 Theatre | SELECT 'email' FROM "Customer" WHERE "customerId" = '453'                  | SELECT    | 2023-04-29 11:25:43.075 | 2023-04-29 11:25:43.18  | 
 Theatre | SELECT 'email' FROM "Customer" WHERE "customerId" = '31'                   | SELECT    | 2023-04-04 05:02:53.902 | 2023-04-04 05:02:54.013 | 
 Theatre | SELECT 'email' FROM "Customer" WHERE "customerId" = '244'                  | SELECT    | 2023-05-07 20:42:34.69  | 2023-05-07 20:42:35.04  | 
 Theatre | SELECT 'email' FROM "Customer" WHERE "customerId" = '439'                  | SELECT    | 2023-05-16 18:52:29.423 | 2023-05-16 18:52:29.888 | 
 Theatre | SELECT 'email' FROM "Customer" WHERE "customerId" = '652'                  | SELECT    | 2023-04-13 03:31:27.988 | 2023-04-13 03:31:28.41  | 
 Theatre | SELECT 'email' FROM "Customer" WHERE "customerId" = '32'                   | SELECT    | 2023-04-12 22:02:25.022 | 2023-04-12 22:02:25.279 | 
 Theatre | SELECT 'email' FROM "Customer" WHERE "customerId" = '74'                   | SELECT    | 2023-04-21 14:48:28.752 | 2023-04-21 14:48:29.216 | 
 Theatre | DELETE FROM Show WHERE showId = 4115;                                      | DELETE    | 2023-04-05 03:59:58.907 | 2023-04-05 03:59:59.155 | 
 Theatre | SELECT 'email' FROM "Customer" WHERE "customerId" = '380'                  | SELECT    | 2023-05-21 13:21:16.333 | 2023-05-21 13:21:16.633 | 
 Theatre | SELECT 'email' FROM "Customer" WHERE "customerId" = '202'                  | SELECT    | 2023-05-10 17:14:25.283 | 2023-05-10 17:14:25.497 | 
 Theatre | SELECT 'email' FROM "Customer" WHERE "customerId" = '557'                  | SELECT    | 2023-04-18 01:38:05.006 | 2023-04-18 01:38:05.331 | 
 Theatre | SELECT 'email' FROM "Customer" WHERE "customerId" = '652'                  | SELECT    | 2023-05-12 17:33:37.619 | 2023-05-12 17:33:37.787 | 
 Theatre | SELECT 'email' FROM "Customer" WHERE "customerId" = '186'                  | SELECT    | 2023-05-28 08:49:33.475 | 2023-05-28 08:49:33.926 | 
 Theatre | SELECT 'email' FROM "Customer" NATURAL JOIN "Ticket" WHERE "price" = '400' | SELECT    | 2023-05-06 01:47:55.611 | 2023-05-06 01:47:55.77  | 
 Theatre | SELECT 'email' FROM "Customer" WHERE "customerId" = '557'                  | SELECT    | 2023-04-08 23:30:10.912 | 2023-04-08 23:30:11.377 | 
 Theatre | SELECT 'email' FROM "Customer" WHERE "customerId" = '194'                  | SELECT    | 2023-04-30 19:04:13.854 | 2023-04-30 19:04:13.986 | 
 Theatre | DELETE FROM Show WHERE showId = 3165;                                      | DELETE    | 2023-05-02 06:36:44.77  | 2023-05-02 06:36:45.239 | 
 Theatre | SELECT 'email' FROM "Customer" WHERE "customerId" = '300'                  | SELECT    | 2023-05-11 19:36:05.531 | 2023-05-11 19:36:05.715 | 
 Theatre | SELECT 'email' FROM "Customer" WHERE "customerId" = '66'                   | SELECT    | 2023-04-06 05:52:06.457 | 2023-04-06 05:52:06.704 | 
 Theatre | SELECT 'email' FROM "Customer" NATURAL JOIN "Ticket" WHERE "price" = '166' | SELECT    | 2023-05-22 15:23:48.985 | 2023-05-22 15:23:49.165 | 
 Theatre | SELECT 'email' FROM "Customer" WHERE "customerId" = '223'                  | SELECT    | 2023-04-29 19:19:46.287 | 2023-04-29 19:19:46.555 | 
 Theatre | SELECT 'email' FROM "Customer" NATURAL JOIN "Ticket" WHERE "price" = '503' | SELECT    | 2023-05-04 02:54:21.349 | 2023-05-04 02:54:21.705 | 
 Theatre | SELECT 'email' FROM "Customer" WHERE "customerId" = '565'                  | SELECT    | 2023-04-02 06:37:17.772 | 2023-04-02 06:37:18.052 | 
 Theatre | DELETE FROM Show WHERE showId = 8887;                                      | DELETE    | 2023-04-22 07:10:26.483 | 2023-04-22 07:10:26.915 | 
 Theatre | SELECT 'email' FROM "Customer" WHERE "customerId" = '333'                  | SELECT    | 2023-05-23 04:40:26.391 | 2023-05-23 04:40:26.646 | 
 Theatre | SELECT 'email' FROM "Customer" WHERE "customerId" = '333'                  | SELECT    | 2023-04-08 12:59:53.521 | 2023-04-08 12:59:53.682 | 
 Theatre | DELETE FROM Show WHERE showId = 4115;                                      | DELETE    | 2023-04-13 09:31:40.179 | 2023-04-13 09:31:40.367 | 
 Theatre | SELECT 'email' FROM "Customer" NATURAL JOIN "Ticket" WHERE "price" = '632' | SELECT    | 2023-05-14 04:07:21.534 | 2023-05-14 04:07:21.784 | 
 Theatre | SELECT 'email' FROM "Customer" WHERE "customerId" = '137'                  | SELECT    | 2023-05-11 18:23:26.458 | 2023-05-11 18:23:26.948 | 
 Theatre | SELECT 'email' FROM "Customer" WHERE "customerId" = '240'                  | SELECT    | 2023-05-30 01:55:10.405 | 2023-05-30 01:55:10.881 | 
 Theatre | SELECT 'email' FROM "Customer" WHERE "customerId" = '72'                   | SELECT    | 2023-04-13 07:21:30.042 | 2023-04-13 07:21:30.452 | 
 Theatre | SELECT 'email' FROM "Customer" WHERE "customerId" = '303'                  | SELECT    | 2023-05-25 17:18:54.484 | 2023-05-25 17:18:54.778 | 
 Theatre | SELECT 'email' FROM "Customer" WHERE "customerId" = '387'                  | SELECT    | 2023-04-06 07:03:00.077 | 2023-04-06 07:03:00.189 | 
 Theatre | SELECT 'email' FROM "Customer" WHERE "customerId" = '237'                  | SELECT    | 2023-05-25 04:50:27.357 | 2023-05-25 04:50:27.68  | 
 Theatre | SELECT 'email' FROM "Customer" WHERE "customerId" = '243'                  | SELECT    | 2023-05-13 11:14:57.199 | 2023-05-13 11:14:57.337 | 
 Theatre | SELECT 'email' FROM "Customer" WHERE "customerId" = '757'                  | SELECT    | 2023-04-16 12:21:36.616 | 2023-04-16 12:21:36.85  | 
 Theatre | SELECT 'email' FROM "Customer" NATURAL JOIN "Ticket" WHERE "price" = '30'  | SELECT    | 2023-05-23 05:54:37.368 | 2023-05-23 05:54:37.778 | 
 Theatre | SELECT 'email' FROM "Customer" NATURAL JOIN "Ticket" WHERE "price" = '135' | SELECT    | 2023-04-23 12:08:36.537 | 2023-04-23 12:08:36.868 | 
 Theatre | SELECT 'email' FROM "Customer" WHERE "customerId" = '688'                  | SELECT    | 2023-04-21 10:12:31.505 | 2023-04-21 10:12:31.937 | 
 Theatre | SELECT 'email' FROM "Customer" WHERE "customerId" = '583'                  | SELECT    | 2023-04-17 17:19:31.569 | 2023-04-17 17:19:31.963 | 
 Theatre | SELECT 'email' FROM "Customer" WHERE "customerId" = '76'                   | SELECT    | 2023-04-22 07:02:06.813 | 2023-04-22 07:02:07.221 | 
 Theatre | DELETE FROM Show WHERE showId = 5500;                                      | DELETE    | 2023-04-25 23:05:48.536 | 2023-04-25 23:05:48.862 | 
 Theatre | SELECT 'email' FROM "Customer" WHERE "customerId" = '529'                  | SELECT    | 2023-04-18 21:07:17.588 | 2023-04-18 21:07:17.853 | 
 Theatre | SELECT 'email' FROM "Customer" WHERE "customerId" = '458'                  | SELECT    | 2023-04-11 22:27:36.342 | 2023-04-11 22:27:36.485 | 
 Theatre | SELECT 'email' FROM "Customer" WHERE "customerId" = '303'                  | SELECT    | 2023-05-05 14:07:51.378 | 2023-05-05 14:07:51.863 | 
 Theatre | SELECT 'email' FROM "Customer" WHERE "customerId" = '229'                  | SELECT    | 2023-04-22 08:56:46.923 | 2023-04-22 08:56:47.325 | 
 Theatre | SELECT 'email' FROM "Customer" WHERE "customerId" = '475'                  | SELECT    | 2023-05-07 04:16:38.362 | 2023-05-07 04:16:38.8   | 
 Theatre | SELECT 'email' FROM "Customer" WHERE "customerId" = '475'                  | SELECT    | 2023-05-27 19:21:08.391 | 2023-05-27 19:21:08.819 | 
 Theatre | SELECT 'email' FROM "Customer" NATURAL JOIN "Ticket" WHERE "price" = '559' | SELECT    | 2023-05-09 17:49:26.518 | 2023-05-09 17:49:26.95  | 
 Theatre | SELECT 'email' FROM "Customer" WHERE "customerId" = '328'                  | SELECT    | 2023-04-05 15:35:10.504 | 2023-04-05 15:35:10.949 | 
 Theatre | SELECT 'email' FROM "Customer" NATURAL JOIN "Ticket" WHERE "price" = '83'  | SELECT    | 2023-04-11 07:36:07.263 | 2023-04-11 07:36:07.371 | 
 Theatre | SELECT 'email' FROM "Customer" NATURAL JOIN "Ticket" WHERE "price" = '103' | SELECT    | 2023-04-30 05:33:22.554 | 2023-04-30 05:33:22.842 | 
 Theatre | SELECT 'email' FROM "Customer" WHERE "customerId" = '477'                  | SELECT    | 2023-05-02 02:47:32.294 | 2023-05-02 02:47:32.75  | 
 Theatre | SELECT 'email' FROM "Customer" WHERE "customerId" = '202'                  | SELECT    | 2023-05-12 18:44:37.582 | 2023-05-12 18:44:37.98  | 
 Theatre | SELECT 'email' FROM "Customer" NATURAL JOIN "Ticket" WHERE "price" = '559' | SELECT    | 2023-05-05 00:11:34.42  | 2023-05-05 00:11:34.806 | 
 Theatre | SELECT 'email' FROM "Customer" WHERE "customerId" = '162'                  | SELECT    | 2023-04-07 07:03:31.403 | 2023-04-07 07:03:31.602 | 
 Theatre | DELETE FROM Show WHERE showId = 5617;                                      | DELETE    | 2023-05-08 13:24:42.125 | 2023-05-08 13:24:42.579 | 
 Theatre | DELETE FROM Show WHERE showId = 1542;                                      | DELETE    | 2023-04-29 11:28:08.885 | 2023-04-29 11:28:09.321 | 
 Theatre | SELECT 'email' FROM "Customer" WHERE "customerId" = '710'                  | SELECT    | 2023-05-09 10:40:13.367 | 2023-05-09 10:40:13.543 | 
 Theatre | SELECT 'email' FROM "Customer" WHERE "customerId" = '32'                   | SELECT    | 2023-04-05 11:49:34.574 | 2023-04-05 11:49:34.825 | 
 Theatre | SELECT 'email' FROM "Customer" WHERE "customerId" = '315'                  | SELECT    | 2023-05-30 00:49:40.096 | 2023-05-30 00:49:40.587 | 
 Theatre | SELECT 'email' FROM "Customer" NATURAL JOIN "Ticket" WHERE "price" = '283' | SELECT    | 2023-05-05 00:35:00.736 | 2023-05-05 00:35:01.233 | 
 Theatre | SELECT 'email' FROM "Customer" WHERE "customerId" = '507'                  | SELECT    | 2023-04-30 22:54:55.144 | 2023-04-30 22:54:55.421 | 
 Theatre | SELECT 'email' FROM "Customer" WHERE "customerId" = '533'                  | SELECT    | 2023-04-13 13:41:35.1   | 2023-04-13 13:41:35.266 | 
 Theatre | SELECT 'email' FROM "Customer" WHERE "customerId" = '184'                  | SELECT    | 2023-04-04 06:20:35.565 | 2023-04-04 06:20:35.814 | 
 Theatre | SELECT 'email' FROM "Customer" NATURAL JOIN "Ticket" WHERE "price" = '283' | SELECT    | 2023-04-18 22:09:22.911 | 2023-04-18 22:09:23.269 | 
 Theatre | SELECT 'email' FROM "Customer" WHERE "customerId" = '395'                  | SELECT    | 2023-04-07 15:30:59.31  | 2023-04-07 15:30:59.547 | 
 Theatre | SELECT 'email' FROM "Customer" WHERE "customerId" = '268'                  | SELECT    | 2023-05-06 05:00:26.626 | 2023-05-06 05:00:26.818 | 
 Theatre | SELECT 'email' FROM "Customer" WHERE "customerId" = '612'                  | SELECT    | 2023-05-26 18:40:38.098 | 2023-05-26 18:40:38.491 | 
 Theatre | SELECT 'email' FROM "Customer" WHERE "customerId" = '490'                  | SELECT    | 2023-04-18 02:23:24.801 | 2023-04-18 02:23:25.16  | 
 Theatre | SELECT 'email' FROM "Customer" WHERE "customerId" = '358'                  | SELECT    | 2023-05-08 05:12:54.118 | 2023-05-08 05:12:54.275 | 
 Theatre | SELECT 'email' FROM "Customer" WHERE "customerId" = '644'                  | SELECT    | 2023-05-18 13:16:36.376 | 2023-05-18 13:16:36.691 | 
 Theatre | SELECT 'email' FROM "Customer" NATURAL JOIN "Ticket" WHERE "price" = '619' | SELECT    | 2023-04-12 02:23:09.964 | 2023-04-12 02:23:10.206 | 
 Theatre | SELECT 'email' FROM "Customer" WHERE "customerId" = '587'                  | SELECT    | 2023-05-07 20:19:06.273 | 2023-05-07 20:19:06.661 | 
 Theatre | SELECT 'email' FROM "Customer" WHERE "customerId" = '49'                   | SELECT    | 2023-05-06 09:03:45.425 | 2023-05-06 09:03:45.532 | 
 Theatre | SELECT 'email' FROM "Customer" WHERE "customerId" = '790'                  | SELECT    | 2023-04-05 13:15:11.434 | 2023-04-05 13:15:11.693 | 
 Theatre | SELECT 'email' FROM "Customer" NATURAL JOIN "Ticket" WHERE "price" = '743' | SELECT    | 2023-04-05 23:00:39.547 | 2023-04-05 23:00:39.721 | 
 Theatre | SELECT 'email' FROM "Customer" WHERE "customerId" = '793'                  | SELECT    | 2023-04-02 16:10:20.119 | 2023-04-02 16:10:20.219 | 
 Theatre | DELETE FROM Show WHERE showId = 5500;                                      | DELETE    | 2023-04-09 15:09:48.923 | 2023-04-09 15:09:49.074 | 
 Theatre | SELECT 'email' FROM "Customer" NATURAL JOIN "Ticket" WHERE "price" = '632' | SELECT    | 2023-05-05 11:40:12.611 | 2023-05-05 11:40:12.806 | 
 Theatre | SELECT 'email' FROM "Customer" WHERE "customerId" = '494'                  | SELECT    | 2023-05-07 22:00:37.669 | 2023-05-07 22:00:37.906 | 
 Theatre | SELECT 'email' FROM "Customer" WHERE "customerId" = '520'                  | SELECT    | 2023-05-11 12:06:06.587 | 2023-05-11 12:06:06.765 | 
 Theatre | SELECT 'email' FROM "Customer" WHERE "customerId" = '235'                  | SELECT    | 2023-05-05 10:20:15.887 | 2023-05-05 10:20:16.312 | 
 Theatre | DELETE FROM Show WHERE showId = 5644;                                      | DELETE    | 2023-04-15 02:43:34.213 | 2023-04-15 02:43:34.589 | 
 Theatre | DELETE FROM Show WHERE showId = 877;                                       | DELETE    | 2023-04-14 02:17:19.402 | 2023-04-14 02:17:19.883 | 
 Theatre | SELECT 'email' FROM "Customer" WHERE "customerId" = '136'                  | SELECT    | 2023-04-21 18:04:29.81  | 2023-04-21 18:04:29.941 | 
 Theatre | SELECT 'email' FROM "Customer" WHERE "customerId" = '703'                  | SELECT    | 2023-05-19 15:38:38.847 | 2023-05-19 15:38:39.131 | 
 Theatre | SELECT 'email' FROM "Customer" WHERE "customerId" = '242'                  | SELECT    | 2023-04-09 22:45:34.029 | 2023-04-09 22:45:34.527 | 
 Theatre | DELETE FROM Review WHERE reviewId = 2744;                                  | DELETE    | 2023-05-26 01:32:53.165 | 2023-05-26 01:32:53.578 | 
 Theatre | SELECT 'email' FROM "Customer" WHERE "customerId" = '630'                  | SELECT    | 2023-05-19 15:04:51.965 | 2023-05-19 15:04:52.095 | 
 Theatre | DELETE FROM Show WHERE showId = 1542;                                      | DELETE    | 2023-04-18 14:56:49.185 | 2023-04-18 14:56:49.631 | 
 Theatre | SELECT 'email' FROM "Customer" WHERE "customerId" = '540'                  | SELECT    | 2023-05-06 07:18:54.101 | 2023-05-06 07:18:54.434 | 
 Theatre | SELECT 'email' FROM "Customer" WHERE "customerId" = '229'                  | SELECT    | 2023-05-29 06:45:00.255 | 2023-05-29 06:45:00.559 | 
 Theatre | SELECT 'email' FROM "Customer" WHERE "customerId" = '729'                  | SELECT    | 2023-05-05 11:19:09.129 | 2023-05-05 11:19:09.311 | 
 Theatre | SELECT 'email' FROM "Customer" WHERE "customerId" = '532'                  | SELECT    | 2023-05-27 04:41:22.107 | 2023-05-27 04:41:22.563 | 
 Theatre | SELECT 'email' FROM "Customer" WHERE "customerId" = '136'                  | SELECT    | 2023-04-18 05:39:46.634 | 2023-04-18 05:39:46.959 | 
 Theatre | SELECT 'email' FROM "Customer" WHERE "customerId" = '209'                  | SELECT    | 2023-05-26 08:13:29.646 | 2023-05-26 08:13:30.1   | 
 Theatre | DELETE FROM Show WHERE showId = 5666;                                      | DELETE    | 2023-05-20 23:32:07.378 | 2023-05-20 23:32:07.644 | 
 Theatre | DELETE FROM Review WHERE reviewId = 4057;                                  | DELETE    | 2023-05-22 22:00:03.459 | 2023-05-22 22:00:03.626 | 
 Theatre | SELECT 'email' FROM "Customer" WHERE "customerId" = '628'                  | SELECT    | 2023-05-05 19:15:46.569 | 2023-05-05 19:15:46.977 | 
 Theatre | SELECT 'email' FROM "Customer" WHERE "customerId" = '250'                  | SELECT    | 2023-04-16 06:18:39.026 | 2023-04-16 06:18:39.354 | 
 Theatre | SELECT 'email' FROM "Customer" WHERE "customerId" = '697'                  | SELECT    | 2023-04-08 01:02:17.341 | 2023-04-08 01:02:17.514 | 
 Theatre | SELECT 'email' FROM "Customer" NATURAL JOIN "Ticket" WHERE "price" = '335' | SELECT    | 2023-05-25 17:20:45.932 | 2023-05-25 17:20:46.406 | 
 Theatre | SELECT 'email' FROM "Customer" NATURAL JOIN "Ticket" WHERE "price" = '518' | SELECT    | 2023-04-09 09:54:19.059 | 2023-04-09 09:54:19.358 | 
 Theatre | SELECT 'email' FROM "Customer" WHERE "customerId" = '47'                   | SELECT    | 2023-04-13 07:27:43.911 | 2023-04-13 07:27:44.351 | 
 Theatre | SELECT 'email' FROM "Customer" WHERE "customerId" = '559'                  | SELECT    | 2023-05-27 06:50:43.639 | 2023-05-27 06:50:44.137 | 
 Theatre | SELECT 'email' FROM "Customer" WHERE "customerId" = '751'                  | SELECT    | 2023-04-11 03:08:22.441 | 2023-04-11 03:08:22.582 | 
 Theatre | SELECT 'email' FROM "Customer" NATURAL JOIN "Ticket" WHERE "price" = '559' | SELECT    | 2023-05-02 07:36:32.019 | 2023-05-02 07:36:32.21  | 
 Theatre | DELETE FROM Show WHERE showId = 5617;                                      | DELETE    | 2023-05-23 02:32:30.293 | 2023-05-23 02:32:30.516 | 
 Theatre | SELECT 'email' FROM "Customer" WHERE "customerId" = '709'                  | SELECT    | 2023-05-17 22:35:46.035 | 2023-05-17 22:35:46.236 | 
 Theatre | SELECT 'email' FROM "Customer" NATURAL JOIN "Ticket" WHERE "price" = '614' | SELECT    | 2023-05-19 06:29:55.47  | 2023-05-19 06:29:55.688 | 
 Theatre | SELECT 'email' FROM "Customer" WHERE "customerId" = '644'                  | SELECT    | 2023-04-25 21:53:44.685 | 2023-04-25 21:53:45.184 | 
 Theatre | SELECT 'email' FROM "Customer" NATURAL JOIN "Ticket" WHERE "price" = '401' | SELECT    | 2023-05-17 11:41:27.611 | 2023-05-17 11:41:27.867 | 
 Theatre | SELECT 'email' FROM "Customer" WHERE "customerId" = '757'                  | SELECT    | 2023-05-15 11:28:27.878 | 2023-05-15 11:28:28.239 | 
 Theatre | SELECT 'email' FROM "Customer" WHERE "customerId" = '305'                  | SELECT    | 2023-05-27 14:32:14.284 | 2023-05-27 14:32:14.521 | 
 Theatre | SELECT 'email' FROM "Customer" WHERE "customerId" = '369'                  | SELECT    | 2023-04-22 09:52:23.696 | 2023-04-22 09:52:24.097 | 
 Theatre | SELECT 'email' FROM "Customer" NATURAL JOIN "Ticket" WHERE "price" = '619' | SELECT    | 2023-04-15 05:42:53.529 | 2023-04-15 05:42:54.028 | 
 Theatre | SELECT 'email' FROM "Customer" WHERE "customerId" = '328'                  | SELECT    | 2023-05-04 00:03:51.087 | 2023-05-04 00:03:51.252 | 
 Theatre | SELECT 'email' FROM "Customer" NATURAL JOIN "Ticket" WHERE "price" = '160' | SELECT    | 2023-04-08 09:10:08.525 | 2023-04-08 09:10:08.975 | 
 Theatre | SELECT 'email' FROM "Customer" WHERE "customerId" = '378'                  | SELECT    | 2023-04-04 11:18:10.849 | 2023-04-04 11:18:11.064 | 
 Theatre | SELECT 'email' FROM "Customer" NATURAL JOIN "Ticket" WHERE "price" = '24'  | SELECT    | 2023-05-03 02:16:14.777 | 2023-05-03 02:16:15.257 | 
 Theatre | SELECT 'email' FROM "Customer" NATURAL JOIN "Ticket" WHERE "price" = '685' | SELECT    | 2023-05-10 23:25:54.028 | 2023-05-10 23:25:54.486 | 
 Theatre | SELECT 'email' FROM "Customer" WHERE "customerId" = '242'                  | SELECT    | 2023-04-26 01:53:22.119 | 2023-04-26 01:53:22.373 | 
 Theatre | SELECT 'email' FROM "Customer" WHERE "customerId" = '315'                  | SELECT    | 2023-05-19 05:15:21.303 | 2023-05-19 05:15:21.684 | 
 Theatre | SELECT 'email' FROM "Customer" WHERE "customerId" = '326'                  | SELECT    | 2023-05-18 23:27:42.541 | 2023-05-18 23:27:42.852 | 
 Theatre | SELECT 'email' FROM "Customer" WHERE "customerId" = '2'                    | SELECT    | 2023-05-25 21:21:23.142 | 2023-05-25 21:21:23.452 | 
 Theatre | SELECT 'email' FROM "Customer" WHERE "customerId" = '774'                  | SELECT    | 2023-05-11 14:23:01.605 | 2023-05-11 14:23:01.789 | 
 Theatre | SELECT 'email' FROM "Customer" WHERE "customerId" = '126'                  | SELECT    | 2023-04-02 21:48:35.222 | 2023-04-02 21:48:35.504 | 
 Theatre | SELECT 'email' FROM "Customer" WHERE "customerId" = '392'                  | SELECT    | 2023-05-14 23:14:34.888 | 2023-05-14 23:14:35.346 | 
 Theatre | SELECT 'email' FROM "Customer" WHERE "customerId" = '569'                  | SELECT    | 2023-05-13 09:48:36.351 | 2023-05-13 09:48:36.762 | 
 Theatre | SELECT 'email' FROM "Customer" WHERE "customerId" = '211'                  | SELECT    | 2023-05-23 12:41:22.899 | 2023-05-23 12:41:23.389 | 
(379 rows)

 uid |           name           |         username         |                email                 |                           password                           |        createdAt        |              token               | uid | pid | pid |  name   |             dbUrl             |        createdAt        | createdById 
-----+--------------------------+--------------------------+--------------------------------------+--------------------------------------------------------------+-------------------------+----------------------------------+-----+-----+-----+---------+-------------------------------+-------------------------+-------------
  16 | service-account-zlAyz2EY | service-account-EjqdT8m6 | service-account-rZTgNxHr@example.com | $2a$10$2Oo4rzU9a9SmIEzgU5X83.YSJXTKAzZVV8tkxfrClEvuChIE.HRQS | 2023-01-03 19:09:48.09  | kdXseSWuWINuDHSuiQQcCL0YlR9MYZtK |  16 |   1 |   1 | Theatre | https://expensive-biscuit.com | 2023-02-02 11:37:16.323 |           3
  18 | service-account-4YHnsqI3 | service-account-RmY1Re0L | service-account-mWJKalwu@example.com | $2a$10$sf47yEQ4Mo3h4d4DEca3hufDm.qu1/wBX87uYJphNWXutnilhoDim | 2023-01-02 10:07:24.059 | u0Dgmp8qOibov7dY6pRzYlXMUpLmko5i |  18 |   1 |   1 | Theatre | https://expensive-biscuit.com | 2023-02-02 11:37:16.323 |           3
(2 rows)

